{
  "ir_105": {
    "p2": 23.81001853942871,
    "p98": 126.2828369140625
  },
  "ir_123": {
    "p2": 34.08702087402344,
    "p98": 144.0161590576172
  },
  "ir_87": {
    "p2": 12.198261260986328,
    "p98": 80.08573913574219
  },
  "ir_38": {
    "p2": 0.04653865098953247,
    "p98": 1.9888969659805298
  },
  "ir_97": {
    "p2": 18.357006072998047,
    "p98": 64.04898071289062
  },
  "ir_133": {
    "p2": 38.189997711181626,
    "p98": 112.37751770019531
  },
  "wv_63": {
    "p2": 1.4764090776443481,
    "p98": 5.546509265899658
  },
  "wv_73": {
    "p2": 4.820859432220459,
    "p98": 21.231904983520508
  },
  "vis_04": {
    "p2": -0.004113316535949707,
    "p98": 6.792314052581787
  },
  "vis_05": {
    "p2": -0.005362749099731445,
    "p98": 8.725682258605957
  },
  "vis_06": {
    "p2": -0.007096767425537109,
    "p98": 11.4413480758667
  },
  "vis_08": {
    "p2": -0.007712006568908691,
    "p98": 13.704935073852539
  },
  "vis_09": {
    "p2": -0.010443806648254395,
    "p98": 10.574226379394531
  },
  "nir_13": {
    "p2": -0.009716451168060303,
    "p98": 1.7828782796859741
  },
  "nir_16": {
    "p2": -0.005560755729675293,
    "p98": 9.23537540435791
  },
  "nir_22": {
    "p2": -0.006799817085266113,
    "p98": 4.138177871704102
  },
  "ir_123-ir_105": {
    "p2": 7.9459678649902346,
    "p98": 22.449155883789068
  },
  "ir_105-ir_38": {
    "p2": 23.783202438354493,
    "p98": 124.75411224365236
  }
}